acc_x_mean,acc_y_mean,acc_z_mean,acc_x_std,acc_y_std,acc_z_std,acc_x_min,acc_y_min,acc_z_min,acc_x_max,acc_y_max,acc_z_max,acc_x_range,acc_y_range,acc_z_range,acc_x_rms,acc_y_rms,acc_z_rms,acc_x_zcr,acc_y_zcr,acc_z_zcr,acc_sma,acc_magnitude_mean,acc_magnitude_std,acc_magnitude_max,acc_magnitude_skewness,acc_magnitude_kurtosis,gyr_x_mean,gyr_y_mean,gyr_z_mean,gyr_x_std,gyr_y_std,gyr_z_std,gyr_x_min,gyr_y_min,gyr_z_min,gyr_x_max,gyr_y_max,gyr_z_max,gyr_x_range,gyr_y_range,gyr_z_range,gyr_x_rms,gyr_y_rms,gyr_z_rms,gyr_magnitude_mean,gyr_magnitude_std,acc_dominant_freq,acc_energy_low,acc_energy_mid,acc_energy_high,acc_spectral_entropy,gyr_dominant_freq,gyr_energy_low,gyr_energy_mid,gyr_energy_high,gyr_spectral_entropy,acc_x_y_corr,acc_x_z_corr,acc_y_z_corr,gyr_x_y_corr,gyr_x_z_corr,gyr_y_z_corr,acc_gyr_magnitude_ratio,window_id,activity_id,activity_name,recording_folder
2.03149207178264,-1.4584469265056397,6.3872164923516,3.8977336023539015,6.155829553277581,5.367405977896519,-4.315455437,-13.6289196,-2.860021353,15.15075493,11.51186943,25.46142769,19.466210367,25.14078903,28.321449043,4.395371118874315,6.32623939844513,8.342995951798583,0.06,0.044,0.044,14.978361439824361,10.56565221736368,4.160909380474345,30.082789665057632,1.6883690255702761,3.99972841054512,0.4142869750174,-0.3008468569619656,-0.38013227892515206,1.5580834179299101,0.9326151350865403,0.7443209176145468,-3.076622725,-3.598149061,-2.605645657,4.165948391,1.705688477,1.256091714,7.242571116,5.303837538,3.8617373710000003,1.612221335579336,0.9799386825390553,0.8357716062892963,1.7724866978590907,1.0565711240733227,3.2,28818.8369692021,149042.95269966402,329668.54799624183,0.6028849470434453,0.4,17926.38310411234,10376.91168629029,5086.387453777942,0.4058213107886936,0.5038736887972113,0.225513027055703,-0.006859300614323832,-0.5977369342062384,-0.5270941003075532,0.1444375996592291,5.960917094164018,1,3,falling,3_falling
1.93192193002372,1.10286153457392,8.877872107952,2.275308066018189,3.0790634767794023,3.767948516245572,-4.315455437,-13.6289196,1.15094769,9.766305923,8.416155815,25.46142769,14.081761360000002,22.045075415,24.310480000000002,2.9848532860082093,3.2706169843745996,9.644379149858704,0.056,0.044,0.052,13.13749840152524,10.040041000538668,3.437718791757905,30.082789665057632,2.5358340031820163,10.783623272753099,-0.32961799820270876,0.1469246978876036,-0.0700033244975804,1.032103457238575,0.5308304523466982,0.3993394959855088,-3.076622725,-1.297172308,-1.858099341,2.493704557,1.705688477,1.256091714,5.570327282,3.002860785,3.114191055,1.0834599998075516,0.5507883767727527,0.40542878350540645,0.8661860407800618,0.9441120952637873,3.2,16658.62677019995,81521.62388763933,255028.64777194473,0.5931729078402157,0.4,21736.9427653201,3083.53950133374,1783.3192253155487,0.3331883310468509,-0.0021367174045206785,0.06313825790809388,-0.7865751878169767,-0.310958645248701,-0.20386554839343704,-0.42405963888619985,11.591077363033406,2,3,falling,3_falling
2.59750708106836,0.6708062942400479,8.1411675195496,3.854946922288027,5.690884245563876,5.887108384143676,-9.622138023,-17.4436779,-9.700503349,22.59063911,20.48375893,45.9188652,32.212777133,37.927436830000005,55.619368549,4.648403899174232,5.7302831152395255,10.046723530983828,0.092,0.076,0.084,16.17912300432583,11.033692251631912,5.799835548958217,52.31399069041789,3.939028574121056,22.140236943835347,0.27389059766774404,-0.1829883491898664,-0.35638428151569124,1.4513051553176994,0.8834973619432115,0.8535396066307166,-3.096017838,-3.375641346,-4.149149418,5.340489388,2.116800785,1.245401502,8.436507226,5.492442131000001,5.39455092,1.4769233945410054,0.9022484826808225,0.924953845442449,1.4749814125196619,1.2943432646568873,2.8000000000000003,72169.24940185576,507714.50557228347,328447.2774805886,0.6589977455299232,0.4,25578.765752183434,15525.674644907245,9455.318962250518,0.4374766705930704,0.6139088782750414,0.4712925670807251,-0.059293329608648256,-0.4730727862608396,-0.5937800292147911,0.11347126076776934,7.48055851919172,5,3,falling,3_falling
-0.6881997093898881,-6.066800798136,2.7200555057198805,4.920652799814063,5.507697860390772,3.402974115834389,-3.656831264,-10.72762203,-10.58046341,19.54397774,10.50748253,17.60878181,23.200809004,21.23510456,28.18924522,4.968545342081755,8.193949453445311,4.356481927798608,0.02,0.012,0.028,14.831475663867527,10.18740104718747,2.6501028570488514,28.32743284966108,3.1849764547296298,16.233311326929726,0.65407357504144,-0.5551561675544394,-0.37776578749588197,0.7145412851677538,0.8909781818126137,0.6238332732624764,-0.9239336848,-3.962224722,-2.180788994,2.274709463,1.636507988,0.03726277873,3.1986431478000004,5.59873271,2.21805177273,0.968700928964495,1.049781163309689,0.7292975682338172,1.127485786870296,1.1406457487115569,2.4000000000000004,34028.18894865373,94971.64092509223,49732.87641628722,0.6739746223516603,0.4,36172.273571020625,2732.213997763516,1337.2252421621781,0.1850967242116017,0.9433122146086399,0.3069457245820162,0.22409319440117256,-0.6070400649881716,-0.44807821372421774,0.3343644531323005,9.03549484199801,8,3,falling,3_falling
1.9761221627463121,-0.5697597789327202,6.715559650780681,4.728925469601227,5.785659754250897,5.090731915942038,-5.121836662,-12.8069849,-10.58046341,19.54397774,10.50748253,30.05923653,24.665814402,23.31446743,40.63969994,5.125211693105012,5.813646445876118,8.42699785589058,0.044,0.02,0.06,15.882659410747648,10.530175992698517,4.4939922477423755,31.85307927375737,1.8875812159435357,5.73623930667633,0.339013102171228,-0.38712974083896795,-0.447998796968896,1.3464451979689216,1.284083023743363,0.6897213174027454,-3.34402895,-3.962224722,-2.180788994,3.103042841,2.985298395,1.019228697,6.447071791,6.947523117,3.2000176909999998,1.3884684204465465,1.34117062602338,0.8224466048111312,1.869806844394973,0.95227306225911,2.8000000000000003,21766.308329272797,267564.20915207,289917.15969425294,0.6225066488449037,0.4,18004.43300213957,6593.306996343,2671.12443097654,0.38218740584024025,0.779869336511817,-0.11453370178152043,-0.1578483634504807,-0.7193724636298244,-0.17843354999406463,0.10856927527958113,5.631688852019894,9,3,falling,3_falling
1.60465797153492,-2.0697293756427197,6.336017269874479,6.842384637115444,7.170920924646981,8.056865563598912,-9.400203705,-22.64627266,-20.43590164,47.26901627,27.42294312,71.34140778,56.669219975000004,50.06921578,91.77730942,7.028026375010556,7.46363762490773,10.249790122439272,0.052,0.036,0.068,17.471723306619158,11.582215707218282,8.71834377558617,87.31454600581573,5.144047878513538,35.33782552519658,0.4649839055460143,-0.40248261717288,-0.34858536359171605,1.447853593769188,1.1932346737297692,1.0539228212072935,-3.075248241,-5.149136066,-5.778632641,4.672813892,5.7199893,3.48116827,7.7480621329999995,10.869125365999999,9.259800911,1.5206873647818537,1.2592860055274655,1.1100743528124186,1.7683013549226594,1.4155093401581975,1.6,210660.45589354914,964414.8913273338,793340.1267933707,0.7160433328997663,0.4,25481.007958931823,21354.734486344303,6332.209882557171,0.504101613079985,0.6715370211226546,0.5501912719702882,0.15979291985503166,-0.13293503258985348,-0.48936456636407977,-0.28248303449802337,6.549906849909079,12,3,falling,3_falling
3.7418840838757594,1.66670623961448,8.165330184086441,3.1148919988507973,4.460349445712061,4.709190014930524,-9.400203705,-22.64627266,-20.43590164,21.1088829,22.0115757,28.31486893,30.509086605,44.65784836,48.75077057,4.868700921361616,4.76157819079281,9.425979398018779,0.06,0.052,0.08,15.66944929680108,10.777120249963144,4.368024983720904,38.54406967291305,3.011279817992907,10.866522909518787,-0.0556217221799716,0.07117801716288001,-0.2234819949250036,1.161798122478549,0.8589509702631668,1.0062365459020877,-3.075248241,-3.640756845,-5.778632641,4.672813892,5.7199893,3.48116827,7.7480621329999995,9.360746145,9.259800911,1.1631288206269106,0.8618950512929487,1.0307551544205944,0.9792206958108629,1.4830086817266224,2.8000000000000003,55414.585151164116,240256.85370637057,197753.63624372293,0.6784953185990867,0.4,27894.562153818,23438.388159826463,9149.606856208356,0.5426276781281782,0.597870873507092,-0.16947929290643943,-0.4124378600327324,0.03160370848304227,-0.6506935891337067,-0.31672957629164983,11.00580215498488,13,3,falling,3_falling
1.858385699522756,-0.1949504513508,6.837933383202168,5.97227618067902,6.6163056610741995,6.709094072564593,-7.163512707,-12.23210907,-17.17149353,36.25305939,26.8678093,36.51626968,43.416572097,39.09991837,53.68776321,6.254732623102019,6.619177160285437,9.579628188381426,0.052,0.028,0.084,16.691612917165315,11.192995607702997,7.030029304299842,52.59622461699744,2.794493231315566,10.837374707177691,0.377292362202864,-0.4121892654084,-0.4106382783352384,1.6864328005708726,1.3157928274982007,0.9507770478762155,-3.637244463,-5.401422977,-2.989727259,4.71221447,3.846160412,1.343140006,8.349458933000001,9.247583389,4.332867265,1.728121846808822,1.3788439924130744,1.0356644197819775,2.1564957359057475,1.1444399522273885,2.8000000000000003,51755.593964825784,759409.8755056515,580513.0741170035,0.6267179093474096,0.4,20467.061990559563,6749.59046725222,9040.448110161164,0.5022779073224142,0.6246549085147696,0.32834531296257097,-0.06652191284734155,-0.3885393416953425,-0.3320952057111707,-0.17276352099951336,5.190360560875989,16,3,falling,3_falling
2.57962790553628,1.3781653380407999,9.1147424035536,2.173388793183768,2.981177179618835,4.08365301884219,-4.829912663,-11.74277687,-2.569891453,12.30628681,9.246464729,36.51626968,17.136199472999998,20.989241599,39.086161133,3.373143782491089,3.2843198801665507,9.987730025458086,0.044,0.068,0.108,14.29654578769876,10.330697351700218,3.898243109610611,39.21541257180269,4.347724445755076,27.026234132444408,-0.33745967902541635,0.05813665658255959,-0.027438845573558798,1.1340407127107952,0.8138304977278606,0.4957927312997834,-3.637244463,-1.838246226,-2.496911764,3.190243721,3.846160412,1.343140006,6.827488184,5.6844066380000005,3.84005177,1.183185265735483,0.8159043754451717,0.4965514300212102,0.9425883134504435,1.193196512284074,2.8000000000000003,25162.97420024277,108787.84254152738,291950.18190448586,0.6534902397834597,0.4,32253.92640911301,7136.836954896031,3587.2170843819076,0.3565359864563978,-0.05054956722073636,0.48641166512013495,-0.5291067436621741,-0.3013800226832379,-0.3124869327526746,-0.35973414881900473,10.959913510883819,17,3,falling,3_falling
2.914216301888,1.0105488199976,9.292658321324,0.1893152801584698,0.14956602075576286,0.21390642002315682,2.276172638,0.5485545993,8.469395638,3.731008768,1.836491346,10.32622623,1.4548361300000003,1.2879367467000002,1.8568305919999997,2.920359041195321,1.0215571017634086,9.295119936472004,0.136,0.148,0.2,13.2174234432096,9.793867599400775,0.22690949839416763,10.866143619511817,0.113535470336256,7.12920995712151,-0.00435546936323,-0.008030434565432799,-0.0020488420404072,0.04857834795064155,0.0865744601845076,0.026366791360856432,-0.1828014255,-0.3549126983,-0.2231185287,0.2139555514,0.1217148975,0.06414084882,0.3967569769,0.4766275958,0.28725937752,0.04877320989013984,0.08694610419995014,0.026446274602927974,0.06421855520106132,0.08070832451982843,3.6,9.09040394459205,209.31910080757677,1207.0826061707442,0.666876962943311,0.4,122.64790479109202,50.9250924880047,19.094300195828804,0.4456948709691683,0.0024713026724340896,0.368993991773221,-0.2219194659892701,-0.09045946913278866,-0.30518835513888454,0.2505254516329089,152.50600177372323,18,3,falling,3_falling
4.646406956144999,2.5518352799104798,7.7945766799176806,4.248582164451223,3.9073287154935454,6.381406899114451,-3.348157167,-5.288736343,-21.91047859,47.07699203,29.60699272,55.88856125,50.425149196999996,34.895729063000005,77.79903984,6.295994600554045,4.66680629410695,10.073618001055134,0.036,0.02,0.04,16.60805077994516,11.042767387246244,6.399507563811042,69.163681134412,6.26127403999375,47.38638547787769,-0.1018739962928,0.086620083134004,-0.085048325367214,1.0604036056791557,0.7852708025551821,0.7410842721691165,-3.561955214,-4.858058453,-2.757140398,4.323551655,2.1861341,2.366950035,7.885506869,7.044192553,5.124090433,1.0652859325354955,0.7900337158297749,0.745948467458843,1.00239900071272,1.1448243313627462,2.8000000000000003,103895.61002969835,352898.2208180114,336022.0682379408,0.8061084435269348,0.4,20271.110594891277,12375.799510078887,5601.877692400533,0.4712338929743626,0.512766246107892,0.3345046932661988,0.11134507111009953,-0.25880402181522577,-0.7010001326351882,0.1475656286297293,11.016328191734525,21,3,falling,3_falling
2.1961398004775967,1.8323565822325678,7.740754934046761,5.069406870614837,4.874666917506469,5.736659830099415,-6.286543369,-11.6398859,-11.51785183,34.75455093,37.74737549,33.99124146,41.041094299,49.387261390000006,45.509093289999996,5.524664337593614,5.207677812718741,9.634757545223726,0.048,0.04,0.052,14.220602409477555,10.588691263308673,6.192737240488878,56.09798911918219,3.9962132424316223,22.35715668494447,-0.0098569190870876,-0.08593713255999204,-0.32633031978339166,1.4469211152098551,1.2068373385642381,0.805801356999754,-5.087591171,-7.466453075,-3.993989706,3.34189105,2.691319466,1.804648638,8.429482221,10.157772541,5.798638344,1.4469546891641147,1.2098931988012196,0.8693717872996429,1.4234561349375299,1.5123158934100875,2.4000000000000004,34661.981728567815,456620.8189429399,513818.0258766383,0.694537934075298,0.4,35286.076171602224,22677.509371785294,11096.022680076447,0.4039167947550366,0.6362607402134254,0.15729531615287914,-0.08110324739991528,-0.5962357491092664,-0.17986475260473003,-0.2125711939631556,7.438714523548594,24,3,falling,3_falling
0.6916549546258365,0.0790157881325204,9.738510591396,0.7801469287479169,0.61490816738364,1.0614713915544196,-1.671984792,-2.403590441,4.764708042,4.426123619,2.494517565,13.21675587,6.098108411,4.898108006,8.452047828000001,1.0426005019628923,0.6199641514549933,9.796188547277994,0.036,0.128,0.192,10.939669271148835,9.809459863018754,1.1005355993457044,13.819467336919157,-0.3848186730045712,7.400257950237565,-0.005957768388257199,-0.015137850977641603,0.0035882223745787984,0.1684117408030387,0.17842043651804435,0.17685771443966153,-0.920879364,-0.4506658316,-1.045037746,0.5082398653,0.6837109327,0.3825543523,1.4291192293,1.1343767643,1.4275920983,0.16851708947307986,0.17906146067624595,0.17689411097215837,0.19980669759097305,0.22766164858932328,3.6,268.0876201244249,7931.910911475784,28390.660992466328,0.5334863535431682,0.8,949.6892876305602,433.52223213556516,136.5661047059475,0.4552334358808719,0.16122886463606143,0.29802294686666847,-0.3826487442910323,0.38542083392728227,-0.25287084620950756,-0.22301823125671766,49.094504272301506,25,3,falling,3_falling
2.855455758092104,2.71539426888176,7.684100087068956,5.397467742081056,5.6112363451644205,5.8001940349154415,-9.051449776,-9.837491989,-15.05683613,41.47000885,45.8309288,39.08256912,50.521458626,55.668420789,54.13940525,6.106249717562076,6.23372596099396,9.627442287064712,0.136,0.056,0.084,15.78721689977038,11.042667392772373,6.847829350484768,71.09343384723748,5.117606958586264,36.455727293101056,0.07881017031480235,-0.21636724877009478,-0.17492126020267637,1.4347434862886281,0.9467442645910806,1.0866697529854226,-4.327980042,-3.674048901,-3.929085255,4.104709148,3.199254036,4.430758476,8.432689190000001,6.873302937,8.359843731,1.4369063693897022,0.97115368962716,1.1006582572825643,1.4446296062579713,1.4602511096781854,2.4000000000000004,126007.6324351519,645467.2789118523,397992.14743068547,0.7105321690500184,0.4,40201.533237688185,17181.45944781458,5356.764923861826,0.41630596041992673,0.645280404629989,0.26711588570154793,0.19802429916181216,-0.5326888267983986,-0.1810525038204993,-0.12978846315303877,7.643938419231065,28,3,falling,3_falling
2.6665687409626244,1.2511184288508401,9.327007326116,0.9569828065836716,0.5798684072465711,0.9756558187630111,-0.4725824594,-0.7070791125,6.253043652,6.327819347,4.068994999,12.42473125,6.8004018064,4.7760741115,6.171687598000001,2.8330910579040265,1.3789650803167097,9.37789794880002,0.108,0.184,0.308,13.275916045870057,9.842311956338031,1.0009070522989114,13.251449960599246,0.39312145203043264,2.1540904436173136,0.005860030364498399,-0.06632652705377001,0.06458678279216638,0.12368713686901327,0.23531855376277547,0.2688387490323035,-0.4583016634,-0.8614727259,-1.051909924,0.3843869567,0.8462010622,1.103833556,0.8426886201,1.7076737881000001,2.15574348,0.12382587687041374,0.24448727970186654,0.276488201362547,0.22862475908006744,0.31509256218930815,37.6,282.78947506815393,1261.9953183433613,6133.2269769103505,0.7981171947828158,0.8,1579.1626470801443,677.8593463131351,719.7875809993682,0.5168159187117027,0.7366076330314568,0.03475549936411922,-0.005241539420781103,-0.402758929245089,0.012003040193207696,-0.6763663645003922,43.04988202528455,29,3,falling,3_falling
3.6207187257416797,1.4087527961529318,7.712368876031441,5.42197262917305,3.350163932148403,5.981864458253549,-6.24766016,-6.588038921,-17.86301994,35.93899918,19.06720734,27.62872696,42.186659340000006,25.655246261,45.4917469,6.519769266042946,3.6343063730149052,9.760293851974717,0.08,0.08,0.068,14.990840053583709,10.722469392477832,6.000629991896392,44.59784743731468,2.696764867017612,9.560961120793106,-0.05309579559346881,-0.12407406316362,-0.2521450149802136,1.3042441476654683,1.453296743538177,0.7747260234748093,-4.345389843,-6.935611248,-2.842050552,4.666705132,3.645338297,1.244485259,9.012094975,10.580949545,4.086535811,1.3053244654986464,1.4585834902152843,0.8147254261580787,1.4072589130823911,1.5857924295873522,2.0,57582.03460651046,549664.751372491,369109.7194978491,0.637576454666885,0.4,50376.186371004784,14429.806357211963,10769.221145626903,0.37322526433412984,0.6126293282994902,0.04552502811231342,-0.17260730954864137,-0.5161825546216148,-0.28179987670234097,-0.05148391329927007,7.619395175544989,32,3,falling,3_falling
2.4187680220061596,1.68516927737888,6.910500495942728,5.044706043393963,6.671769387043127,4.766221863490437,-6.985247612,-10.71206856,-8.215158463,25.23530579,31.06422234,24.01197433,32.220553402,41.7762909,32.227132793,5.594595410620428,6.881300912422554,8.394753597124751,0.068,0.032,0.068,16.60554066626959,11.065141615548981,5.165881245259872,38.82304050582574,2.22046831446568,7.862666383159782,0.35573309893907207,-0.43928419375869315,-0.11357023260009841,1.6666667069691226,1.210694830864263,0.9519906782254381,-3.922365665,-4.076150894,-3.709173679,3.849825382,3.196199656,2.892752409,7.772191047,7.2723505500000005,6.601926088,1.7042077190882847,1.2879256874399518,0.9587410751401915,1.8810886787070111,1.3941902159207138,2.4000000000000004,36138.408525500694,413450.4237764802,324849.6385529858,0.6162515057333939,0.4,39996.37539128044,9546.466400663277,8137.38631755815,0.39149583062738313,0.67965182149743,-0.09045022950423949,-0.4682388274937096,-0.4701685531420442,-0.49260007583980553,0.06635334765333353,5.882304145730434,35,3,falling,3_falling
0.38403127563925193,0.9957779471714236,6.8566021508008,3.5461720582941028,6.6574031932191975,3.805705428603876,-7.611568928,-11.83071327,-5.0763731,14.33420372,17.31685829,22.38724899,21.945772648,29.14757156,27.46362209,3.5669057021030066,6.731462768013955,7.841963202137024,0.088,0.02,0.076,14.977490458238227,10.382881393511614,3.424553710601507,24.43553591131483,1.9331736145080753,4.2510308091926845,0.5417580584372679,-0.27661199889307525,-0.11528737533044398,1.5072520606566795,0.9862654450734011,0.5574360066535787,-2.872746468,-2.705674887,-3.408780813,3.574172497,2.978579044,0.5755877495,6.446918965,5.684253931,3.9843685625,1.601658692804283,1.0243211049653602,0.5692328876869917,1.6392381708666184,1.1186905711193402,2.8000000000000003,30725.658824011305,194127.854784763,113906.80241923369,0.5960587215352903,0.4,26296.876764794055,7544.0788081329665,3827.809524327879,0.3601539726219321,0.6456108076971259,0.11519903155061811,0.08566556498098793,-0.5207007506171457,0.056410787323793954,-0.45545747583116836,6.3339636936704515,38,3,falling,3_falling
-1.3822762040687198,-2.259851077315528,4.75807039129328,3.8344205625940435,9.055851192048927,6.599091661212775,-8.397012711,-11.884552,-22.95853424,28.16352272,41.25046921,37.35495377,36.560535431,53.13502121,60.31348801,4.075962285789535,9.333561362319216,8.135554351216012,0.084,0.028,0.068,16.35365781786447,11.170954651734618,6.717577913938569,60.74250776003042,3.5835651000131805,18.548556626770864,0.6427872323990801,-0.32509454158108797,-0.2417541955821628,1.8418782670084226,0.8669318180467069,0.6903983330867,-4.072485924,-2.323273182,-3.141221762,6.395148277,2.633440018,1.10108459,10.467634201,4.956713199999999,4.242306352,1.9508180275497813,0.9258818704929838,0.7315018451176132,1.7992164937240762,1.4003082420819064,2.0,111359.01403623095,671885.6139146144,464470.8933215698,0.6432564378475497,0.4,38129.53574452135,8820.684825421682,8969.737082845386,0.40871396071755695,0.6521441928174261,0.35424442655697896,0.17708882728894285,-0.04882182098984263,-0.17707003975751756,-0.27436126781248854,6.208785036106241,41,3,falling,3_falling
0.391858214749888,3.043813985552472,7.925320530673679,3.355120112646919,6.648603086292158,6.15096242064851,-8.397012711,-11.884552,-22.95853424,28.16352272,41.25046921,37.35495377,36.560535431,53.13502121,60.31348801,3.377925965848696,7.312231299521264,10.032200367523961,0.144,0.056,0.072,15.101424358213462,11.038154799366191,6.609333797579776,60.74250776003042,3.8208605369418005,20.277143315408768,0.20583226703941523,-0.1523436830787052,-0.281766480463118,1.7255307810392373,0.8105584191421303,0.6749219829894276,-4.072485924,-2.323273182,-3.141221762,6.395148277,2.633440018,1.10108459,10.467634201,4.956713199999999,4.242306352,1.7377639075744624,0.8247505978271096,0.7313768061915512,1.4561384299067472,1.4541698156227512,2.0,107696.9679148962,610396.9483908004,483228.1270336729,0.6761736074359279,0.4,43841.068907073946,7756.210683695219,9238.360295367662,0.3933337196062348,0.5179615794645371,0.3444891419962087,-0.022761243630202915,0.038637778106237905,-0.3890688837068634,-0.1838844313512564,7.580424355429402,42,3,falling,3_falling
0.15191791403100008,1.1748878843547879,6.983969761279879,3.6736600822999614,8.103149084845695,4.955183398107974,-7.041478634,-13.37408352,-5.888138294,24.57967186,41.04408646,21.69333076,31.621150494000002,54.41816998,27.581469054,3.6767998929623156,8.187880472505649,8.56327484875714,0.088,0.044,0.076,15.334260367369188,10.712019008274103,6.25640223983864,52.20193447725609,3.010143505439682,14.06597245730805,0.5451159866611278,-0.25090984600066796,-0.20306749248357603,1.7170063384012788,1.0851775728660091,0.7026463636964646,-2.886949062,-3.445432663,-2.676353455,4.152050972,5.162880421,1.471574426,7.039000033999999,8.608313083999999,4.147927881,1.8014611305891954,1.113807036910542,0.731401612603795,1.8938197540381567,1.1975906557039557,2.4000000000000004,38642.796725619846,424866.0538834514,671228.1372059048,0.6467297152574047,0.4,29197.60589579909,6659.085737572654,6156.73604771423,0.427686044793295,0.7451241911256661,0.04897562170568257,0.033957354823927505,-0.25700280298602185,-0.18048640872990016,-0.3322519055509378,5.656300357588265,45,3,falling,3_falling
0.14207383752359204,2.254426574363428,9.45295355498,1.5831952560700095,2.3422067624709326,2.898142341132516,-6.322435856,-2.396411896,3.329612732,5.132006168,16.24666786,21.69333076,11.454442024,18.643079756,18.363718027999997,1.5895572321093892,3.2509032125488737,9.887242281954766,0.1,0.06,0.068,12.793188006764835,10.095091143833525,2.990277350226877,23.563905801598715,1.8793715206614456,5.297285932944698,-0.3392421841586248,-0.010378602145763995,-0.034118657033633995,0.9215202674355459,0.570843475538046,0.35081495741432706,-2.886949062,-1.760055542,-1.769218445,1.822821856,2.294715405,0.787252605,4.709770918,4.054770947,2.55647105,0.9819800725102289,0.5709378153064096,0.3524701648415009,0.7207722309775193,0.9460324835380308,4.0,5771.968896961747,16956.046968004423,229442.74193301226,0.5614039696806068,0.4,21588.849460457597,4340.860429053984,1004.4605470121239,0.32760570018612273,0.577739108555699,-0.20319800768985719,-0.17967450068643653,-0.1327321574587428,0.2578336063598857,-0.5786747261709715,14.005918519119348,46,3,falling,3_falling
-0.214865906131552,2.01428286976616,7.037415807001201,3.7607931141193562,8.053956428488384,5.085673754196691,-6.902695179,-11.80977631,-12.6311121,24.43071938,44.69134521,25.78685188,31.333414558999998,56.50112152,38.417963979999996,3.766926094951333,8.302020816128008,8.68270112204465,0.084,0.068,0.096,15.641216397204582,10.925388687398994,6.256074059684521,51.21086069570737,3.3558339582540526,15.82512847731033,0.575975674302792,-0.2631247076903653,-0.14103534491907202,1.7813580253640005,0.8659833475080895,0.7586129898730987,-3.244305372,-2.037082911,-3.086702108,4.476726055,2.461481571,1.806328535,7.721031427,4.498564482000001,4.8930306429999995,1.8721603542211034,0.9050755603586125,0.771611713830631,1.843584386077748,1.2331777691017296,2.4000000000000004,47569.118339497916,536212.4693799448,523966.2343932382,0.636625601418689,0.4,30458.976934222817,6896.40259664816,7985.577237750938,0.42681446097540354,0.724165782229676,-0.07418180322710734,-0.10556452708416497,-0.3765997278662766,-0.02089859055804355,-0.3502872408791239,5.926163642814994,49,3,falling,3_falling
